{"x0": {"median": -0.5059175551477251, "mean": -0.5059175551477252, "std": 0.09655476139725452}, "y0": {"median": 1.225985559540681, "mean": 1.2259855595406817, "std": 0.1252487221485942}, "m1": {"median": 1.3290481048873932, "mean": 1.3290481048873928, "std": 0.008264950640420009}, "m2": {"median": 0.7977874751253498, "mean": 0.7977874751253501, "std": 0.10696566083747101}}