{"x0": {"median": -0.1467326805587364, "mean": -0.14673268055873637, "std": 0.9262190850278946}, "y0": {"median": 1.6492188556788059, "mean": 1.6492188556788063, "std": 1.1410427391221525}, "m1": {"median": 1.235083838054573, "mean": 1.235083838054573, "std": 0.016900455696893923}, "m2": {"median": 0.8441151942931319, "mean": 0.8441151942931318, "std": 0.9390963577469426}}