{"x0": {"median": -0.25172418762618526, "mean": -0.2517241876261852, "std": 0.04472336738792561}, "y0": {"median": 1.2820413603680485, "mean": 1.282041360368048, "std": 0.05532016435677702}, "m1": {"median": 1.273822210058619, "mean": 1.2738222100586187, "std": 0.003974382428723177}, "m2": {"median": 0.6966600486099322, "mean": 0.6966600486099322, "std": 0.047700581942572234}}