{"x0": {"median": -0.5393371753491737, "mean": -0.5393371753491738, "std": 0.19694098723575693}, "y0": {"median": 1.222245427600668, "mean": 1.2222454276006682, "std": 0.2550057563355603}, "m1": {"median": 1.3172415057927456, "mean": 1.3172415057927451, "std": 0.012155398160016366}, "m2": {"median": 0.9058048445613381, "mean": 0.9058048445613381, "std": 0.19300254224775298}}