{"x0": {"median": -0.10330325943799223, "mean": -0.10330325943799226, "std": 0.03046399924102043}, "y0": {"median": 1.2957235730841852, "mean": 1.2957235730841852, "std": 0.03635187324283739}, "m1": {"median": 1.2346988907145577, "mean": 1.2346988907145575, "std": 0.0028574376244843496}, "m2": {"median": 0.6213122277137345, "mean": 0.6213122277137345, "std": 0.033702356246495535}}