{"x0": {"median": -0.3506973461036731, "mean": -0.3506973461036731, "std": 0.06240957245961072}, "y0": {"median": 1.3019244769667926, "mean": 1.3019244769667926, "std": 0.07947886765637256}, "m1": {"median": 1.308531182574877, "mean": 1.3085311825748773, "std": 0.005635272805521772}, "m2": {"median": 0.7153422347186955, "mean": 0.7153422347186956, "std": 0.07429158345818274}}